Timestamp,Event
2025-04-26 13:53:24.887082,Phone detected
2025-04-26 13:53:25.128698,Phone detected
2025-04-26 13:53:27.680815,Phone detected
2025-04-26 13:53:40.611664,Phone detected
2025-04-26 13:53:42.571097,Phone detected
2025-04-26 13:53:47.897492,Phone detected
2025-04-26 13:53:48.267638,Phone detected
2025-04-26 13:53:49.160479,Phone detected
2025-04-26 14:00:20.394763,Phone detected
2025-04-26 14:00:22.839247,Phone detected
2025-04-26 14:00:25.737974,Phone detected
2025-04-26 14:27:28.991763,Phone detected
2025-04-26 14:28:06.567073,Phone detected
2025-04-26 14:28:45.943622,Phone detected
2025-04-26 14:33:23.001772,Phone detected
2025-04-26 14:38:59.963612,Phone detected
2025-04-26 14:46:02.859296,Phone detected
2025-04-26 15:38:18.828837,Phone detected
2025-04-27 18:10:40.763634,Phone detected
